WORK_CATEGORY,ACTIVITY_NAME,STATE_NAME,HOUSE_OF_PARLIAMENT,IDA_NAME,TENURE,MP_NAME,WORK_DESCRIPTION,RECOMMENDATION_DATE,RECOMMENDED_AMOUNT,FLAG,CONSTITUENCY_ID,WORK_STAGE,LETTER_NO,SANCTION_AMOUNT,Sno,CONSTITUENCY,WORK_RECOMMENDATION_DTL_ID,FILE_STATUS,TENURE_START_DATE,TENURE_END_DATE,ATTACH_ID,SANCTION_DATE,Total_Amt
Normal/Others,WS/MP18016/2025-2026/221411-Improvement of electricity distribution infrastructure,Andhra Pradesh,2.0,NTR(DISTRICT COLLECTOR NTR_IDA),18th Lok Sabha,Sivanath Kesineni,Supply of erection of 2300 HP VT Pump and motor -1 No  and electrical and Mechanical works at Vedadri - kanchala lift irrigation scheme on Krishna river in Jaggaiahpeta mandal of NTR District ,23-Jul-2025,3290032.0,1.0,4.0,Physical Inspection,LN/MP18016/2025-2026/1,3290032.0,1.0,VIJAYAWADA,221411.0,True,"Jun 4, 2024 12:00:00 AM","Jun 3, 2029 11:59:59 PM",2095790.0,21-Aug-2025,
Normal/Others,WS/MP18016/2025-2026/251879-Construction of community centers and community halls,Andhra Pradesh,2.0,NTR(DISTRICT COLLECTOR NTR_IDA),18th Lok Sabha,Sivanath Kesineni,"construction of community hall at 31st division, vijayawada central constituency",02-Dec-2025,7500000.0,1.0,4.0,Pending for Sanction,LN/MP18016/2025-2026/2,7500000.0,2.0,VIJAYAWADA,251879.0,,"Jun 4, 2024 12:00:00 AM","Jun 3, 2029 11:59:59 PM",,27-Dec-2025,
Normal/Others,WS/MP18016/2025-2026/251880-Construction of community centers and community halls,Andhra Pradesh,2.0,NTR(DISTRICT COLLECTOR NTR_IDA),18th Lok Sabha,Sivanath Kesineni,"construction of community hall at60th Division , vambay colony",02-Dec-2025,7500000.0,1.0,4.0,Pending for Sanction,LN/MP18016/2025-2026/3,7500000.0,3.0,VIJAYAWADA,251880.0,,"Jun 4, 2024 12:00:00 AM","Jun 3, 2029 11:59:59 PM",,27-Dec-2025,
Normal/Others,WS/MP18016/2025-2026/251882-Construction of public irrigation facilities,Andhra Pradesh,2.0,NTR(DISTRICT COLLECTOR NTR_IDA),18th Lok Sabha,Sivanath Kesineni,Providing gravity main pipeline and 40 kl sump well,02-Dec-2025,4000000.0,1.0,4.0,Time Estimation,LN/MP18016/2025-2026/4,4000000.0,4.0,VIJAYAWADA,251882.0,,"Jun 4, 2024 12:00:00 AM","Jun 3, 2029 11:59:59 PM",,03-Jan-2026,
Normal/Others,WS/MP18016/2025-2026/251883-Construction of public irrigation facilities,Andhra Pradesh,2.0,NTR(DISTRICT COLLECTOR NTR_IDA),18th Lok Sabha,Sivanath Kesineni,Construction of culvert and retaining wall across Mangala vagu,02-Dec-2025,2000000.0,1.0,4.0,Work partially Completed,LN/MP18016/2025-2026/4,2000000.0,5.0,VIJAYAWADA,251883.0,,"Jun 4, 2024 12:00:00 AM","Jun 3, 2029 11:59:59 PM",,27-Dec-2025,
Normal/Others,WS/MP18016/2025-2026/251884-Providing supply pipelines for drinking water,Andhra Pradesh,2.0,NTR(DISTRICT COLLECTOR NTR_IDA),18th Lok Sabha,Sivanath Kesineni,Providing 150mm Di pipeline from p and T colony ELSR pumping line,02-Dec-2025,5488000.0,1.0,4.0,Vendor Identification,LN/MP18016/2025-2026/5,5488000.0,6.0,VIJAYAWADA,251884.0,,"Jun 4, 2024 12:00:00 AM","Jun 3, 2029 11:59:59 PM",,27-Dec-2025,
Normal/Others,WS/MP18016/2025-2026/252028-Construction of public irrigation facilities,Andhra Pradesh,2.0,NTR(DISTRICT COLLECTOR NTR_IDA),18th Lok Sabha,Sivanath Kesineni,Providing 160mm Di pipeline from autonagar ESLR to Gurunanak colony road ,03-Dec-2025,975000.0,1.0,4.0,Pending for Sanction,LN/MP18016/2025-2026/6,975000.0,7.0,VIJAYAWADA,252028.0,,"Jun 4, 2024 12:00:00 AM","Jun 3, 2029 11:59:59 PM",,27-Dec-2025,
Repair and Renovation,WS/MP18016/2026-2027/273575-Construction of additional rooms and halls in the existing public and community building,Andhra Pradesh,2.0,NTR(DISTRICT COLLECTOR NTR_IDA),18th Lok Sabha,Sivanath Kesineni,"construction of MS Grills, placing of Glass interior, celing decor, floor, and wall tiles at community hall ",11-Mar-2026,1869000.0,1.0,4.0,Pending for Sanction,LN/MP18016/2025-2026/7,1869000.0,8.0,VIJAYAWADA,273575.0,,"Jun 4, 2024 12:00:00 AM","Jun 3, 2029 11:59:59 PM",,01-Apr-2026,
Repair and Renovation,WS/MP18016/2026-2027/277854-Providing supply pipelines for drinking water,Andhra Pradesh,2.0,NTR(DISTRICT COLLECTOR NTR_IDA),18th Lok Sabha,Sivanath Kesineni,"Additional bore, pump sets and pumping main to Drinking water scheme of Keesara village, knachikacharla mandal",09-Apr-2026,1300000.0,1.0,4.0,Time Estimation,LN/MP18016/2026-2027/8,1300000.0,9.0,VIJAYAWADA,277854.0,,"Jun 4, 2024 12:00:00 AM","Jun 3, 2029 11:59:59 PM",,10-Jun-2026,
Repair and Renovation,WS/MP18016/2026-2027/279535-Construction of community centers and community halls,Andhra Pradesh,2.0,NTR(DISTRICT COLLECTOR NTR_IDA),18th Lok Sabha,Sivanath Kesineni,Development of experience center and artisan promotion for community benefit to kondapalli toys street,02-May-2026,3000000.0,1.0,4.0,Pending for Sanction,LN/MP18016/2026-2027/9,3000000.0,10.0,VIJAYAWADA,279535.0,,"Jun 4, 2024 12:00:00 AM","Jun 3, 2029 11:59:59 PM",,13-May-2026,
Normal/Others,WS/MP18016/2026-2027/285880-Construction of public irrigation facilities,Andhra Pradesh,2.0,NTR(DISTRICT COLLECTOR NTR_IDA),18th Lok Sabha,Sivanath Kesineni,"construction of two vents 1000 mm dia.pipe culvert on Manilla Vagu of gollamandala village, A.Kondur Mandal, ",15-Jun-2026,500000.0,1.0,4.0,Pending for Sanction,LN/MP18016/2026-2027/10,500000.0,11.0,VIJAYAWADA,285880.0,,"Jun 4, 2024 12:00:00 AM","Jun 3, 2029 11:59:59 PM",,29-Aug-2026,
Normal/Others,"WS/MP18016/2026-2027/292111-Construction of rooms and facilities for hospitals, FWC , PHC Centers and ANM centers",Andhra Pradesh,2.0,NTR(DISTRICT COLLECTOR NTR_IDA),18th Lok Sabha,Sivanath Kesineni,providing pre fab shed for patient attendants and extension of shed in front of mch entrance at old government general hospital vijayawada,04-Jul-2026,1550000.0,1.0,4.0,Pending for Sanction,LN/MP18016/2026-2027/12,1550000.0,12.0,VIJAYAWADA,292111.0,,"Jun 4, 2024 12:00:00 AM","Jun 3, 2029 11:59:59 PM",,06-Aug-2026,
Normal/Others,"WS/MP18016/2026-2027/292113-Construction of rooms and facilities for hospitals, FWC , PHC Centers and ANM centers",Andhra Pradesh,2.0,NTR(DISTRICT COLLECTOR NTR_IDA),18th Lok Sabha,Sivanath Kesineni,providing pre fab shed for patient attendants and extension of shed in front of forensic department at new government general hospital  vijayawada,04-Jul-2026,720000.0,1.0,4.0,Pending for Sanction,LN/MP18016/2026-2027/13,720000.0,13.0,VIJAYAWADA,292113.0,,"Jun 4, 2024 12:00:00 AM","Jun 3, 2029 11:59:59 PM",,06-Aug-2026,
Normal/Others,WS/MP18016/2026-2027/301023-Construction of community centers and community halls,Andhra Pradesh,2.0,NTR(DISTRICT COLLECTOR NTR_IDA),18th Lok Sabha,Sivanath Kesineni,construction of mahila bar association building at the bezawada bar association ,03-Aug-2026,3000000.0,1.0,4.0,Pending for Sanction,LN/MP18016/2026-2027/14,3000000.0,14.0,VIJAYAWADA,301023.0,,"Jun 4, 2024 12:00:00 AM","Jun 3, 2029 11:59:59 PM",,29-Aug-2026,
Normal/Others,NA-Construction of community centers and community halls,Andhra Pradesh,2.0,NTR(DISTRICT COLLECTOR NTR_IDA),18th Lok Sabha,Sivanath Kesineni,construction of community hall at balusupadu,06-Aug-2026,1800000.0,1.0,4.0,Pending for Sanction,LN/MP18016/2026-2027/15,1800000.0,15.0,VIJAYAWADA,301703.0,,"Jun 4, 2024 12:00:00 AM","Jun 3, 2029 11:59:59 PM",,NA,
Normal/Others,NA-Crematoriums/energy efficient crematoriums or structures on burial/cremation ground,Andhra Pradesh,2.0,NTR(DISTRICT COLLECTOR NTR_IDA),18th Lok Sabha,Sivanath Kesineni,improvements to sc burial ground,06-Aug-2026,600000.0,1.0,4.0,Pending for Sanction,LN/MP18016/2026-2027/16,600000.0,16.0,VIJAYAWADA,301713.0,,"Jun 4, 2024 12:00:00 AM","Jun 3, 2029 11:59:59 PM",,NA,
Normal/Others,NA-Construction of community centers and community halls,Andhra Pradesh,2.0,NTR(DISTRICT COLLECTOR NTR_IDA),18th Lok Sabha,Sivanath Kesineni,construction of sc community hall at penuganchiprolu,06-Aug-2026,1800000.0,1.0,4.0,Pending for Sanction,LN/MP18016/2026-2027/17,1800000.0,17.0,VIJAYAWADA,301733.0,,"Jun 4, 2024 12:00:00 AM","Jun 3, 2029 11:59:59 PM",,NA,
Normal/Others,NA-Construction of public irrigation facilities,Andhra Pradesh,2.0,NTR(DISTRICT COLLECTOR NTR_IDA),18th Lok Sabha,Sivanath Kesineni,construction of slab culvert as sc colony,06-Aug-2026,280000.0,1.0,4.0,Pending for Sanction,LN/MP18016/2026-2027/18,280000.0,18.0,VIJAYAWADA,301740.0,,"Jun 4, 2024 12:00:00 AM","Jun 3, 2029 11:59:59 PM",,NA,
Normal/Others,NA-Crematoriums/energy efficient crematoriums or structures on burial/cremation ground,Andhra Pradesh,2.0,NTR(DISTRICT COLLECTOR NTR_IDA),18th Lok Sabha,Sivanath Kesineni,construction of compound wall to sc burial ground,06-Aug-2026,600000.0,1.0,4.0,Pending for Sanction,LN/MP18016/2026-2027/19,600000.0,19.0,VIJAYAWADA,301742.0,,"Jun 4, 2024 12:00:00 AM","Jun 3, 2029 11:59:59 PM",,NA,
Normal/Others,NA-Providing drains and gutters for public drainage,Andhra Pradesh,2.0,NTR(DISTRICT COLLECTOR NTR_IDA),18th Lok Sabha,Sivanath Kesineni,construction of cc drain from sump well to ramaraju cheruvu,06-Aug-2026,720000.0,1.0,4.0,Pending for Sanction,LN/MP18016/2026-2027/20,720000.0,20.0,VIJAYAWADA,301744.0,,"Jun 4, 2024 12:00:00 AM","Jun 3, 2029 11:59:59 PM",,NA,
Normal/Others,NA-Construction of public irrigation facilities,Andhra Pradesh,2.0,NTR(DISTRICT COLLECTOR NTR_IDA),18th Lok Sabha,Sivanath Kesineni,construction of culvert near kotta rambabu field opp ramaraju cheruvu,06-Aug-2026,80000.0,1.0,4.0,Pending for Sanction,LN/MP18016/2026-2027/21,80000.0,21.0,VIJAYAWADA,301748.0,,"Jun 4, 2024 12:00:00 AM","Jun 3, 2029 11:59:59 PM",,NA,
Normal/Others,NA-Providing drains and gutters for public drainage,Andhra Pradesh,2.0,NTR(DISTRICT COLLECTOR NTR_IDA),18th Lok Sabha,Sivanath Kesineni,construction of cc drains from chukkapalli nageswararao to ramaraju cheruvu,06-Aug-2026,400000.0,1.0,4.0,Pending for Sanction,LN/MP18016/2026-2027/22,400000.0,22.0,VIJAYAWADA,301752.0,,"Jun 4, 2024 12:00:00 AM","Jun 3, 2029 11:59:59 PM",,NA,
Normal/Others,NA-Construction of community centers and community halls,Andhra Pradesh,2.0,NTR(DISTRICT COLLECTOR NTR_IDA),18th Lok Sabha,Sivanath Kesineni,construction of community halls,06-Aug-2026,720000.0,1.0,4.0,Pending for Sanction,LN/MP18016/2026-2027/23,720000.0,23.0,VIJAYAWADA,301755.0,,"Jun 4, 2024 12:00:00 AM","Jun 3, 2029 11:59:59 PM",,NA,
Repair and Renovation,"NA-Construction of roads, link roads, pathways or any other road with or without drainage system",Andhra Pradesh,2.0,NTR(DISTRICT COLLECTOR NTR_IDA),18th Lok Sabha,Sivanath Kesineni,metalling to the road from bharothu raghu field to bharothu balaji field in kesya thanda village of a.konduru mandal,11-Aug-2026,1480000.0,1.0,4.0,Pending for Sanction,LN/MP18016/2026-2027/24,1480000.0,24.0,VIJAYAWADA,303011.0,,"Jun 4, 2024 12:00:00 AM","Jun 3, 2029 11:59:59 PM",,NA,
Normal/Others,"NA-Construction of roads, link roads, pathways or any other road with or without drainage system",Andhra Pradesh,2.0,NTR(DISTRICT COLLECTOR NTR_IDA),18th Lok Sabha,Sivanath Kesineni,reconstruction of the road from mnk road to thokapalli,11-Aug-2026,2200000.0,1.0,4.0,Pending for Sanction,LN/MP18016/2026-2027/25,2200000.0,25.0,VIJAYAWADA,303016.0,,"Jun 4, 2024 12:00:00 AM","Jun 3, 2029 11:59:59 PM",,NA,
Normal/Others,NA-Construction of additional rooms and halls in the existing public and community building,Andhra Pradesh,2.0,NTR(DISTRICT COLLECTOR NTR_IDA),18th Lok Sabha,Sivanath Kesineni,improvement of bc community hll at back side of ayyappa swami temple in 10th ward tiruvuru nagara panchayat,11-Aug-2026,1722000.0,1.0,4.0,Pending for Sanction,LN/MP18016/2026-2027/26,1722000.0,26.0,VIJAYAWADA,303017.0,,"Jun 4, 2024 12:00:00 AM","Jun 3, 2029 11:59:59 PM",,NA,
Normal/Others,NA-Construction of community centers and community halls,Andhra Pradesh,2.0,NTR(DISTRICT COLLECTOR NTR_IDA),18th Lok Sabha,Sivanath Kesineni,construction of community hall in bc colony in vutukuru village of gampalagudem mandal,11-Aug-2026,1600000.0,1.0,4.0,Pending for Sanction,LN/MP18016/2026-2027/27,1600000.0,27.0,VIJAYAWADA,303018.0,,"Jun 4, 2024 12:00:00 AM","Jun 3, 2029 11:59:59 PM",,NA,
Normal/Others,"NA-Construction of roads, link roads, pathways or any other road with or without drainage system",Andhra Pradesh,2.0,NTR(DISTRICT COLLECTOR NTR_IDA),18th Lok Sabha,Sivanath Kesineni,construction of cc roads in 5 and 6 wards in vissannapeta,13-Aug-2026,840000.0,1.0,4.0,Pending for Sanction,LN/MP18016/2026-2027/28,840000.0,28.0,VIJAYAWADA,303732.0,,"Jun 4, 2024 12:00:00 AM","Jun 3, 2029 11:59:59 PM",,NA,
Normal/Others,"NA-Construction of roads, link roads, pathways or any other road with or without drainage system",Andhra Pradesh,2.0,NTR(DISTRICT COLLECTOR NTR_IDA),18th Lok Sabha,Sivanath Kesineni,construction of cc roads in 7 wards in vissannapeta,13-Aug-2026,820000.0,1.0,4.0,Pending for Sanction,LN/MP18016/2026-2027/29,820000.0,29.0,VIJAYAWADA,303733.0,,"Jun 4, 2024 12:00:00 AM","Jun 3, 2029 11:59:59 PM",,NA,
Repair and Renovation,"NA-Construction of roads, link roads, pathways or any other road with or without drainage system",Andhra Pradesh,2.0,NTR(DISTRICT COLLECTOR NTR_IDA),18th Lok Sabha,Sivanath Kesineni,Construction of cc road from pathangi ramudu to pathangi gaanga raju tiruvuru rural mandal rajugudem vavilala,04-Sep-2026,200000.0,1.0,4.0,Pending for Sanction,LN/MP18016/2026-2027/31,200000.0,30.0,VIJAYAWADA,312404.0,,"Jun 4, 2024 12:00:00 AM","Jun 3, 2029 11:59:59 PM",,NA,
Repair and Renovation,"NA-Construction of roads, link roads, pathways or any other road with or without drainage system",Andhra Pradesh,2.0,NTR(DISTRICT COLLECTOR NTR_IDA),18th Lok Sabha,Sivanath Kesineni,construction of cc road from kavati venkat to rayala ramulu tiruvuru rural vavilala rajugudem,04-Sep-2026,200000.0,1.0,4.0,Pending for Sanction,LN/MP18016/2026-2027/32,200000.0,31.0,VIJAYAWADA,312406.0,,"Jun 4, 2024 12:00:00 AM","Jun 3, 2029 11:59:59 PM",,NA,
Repair and Renovation,"NA-Construction of roads, link roads, pathways or any other road with or without drainage system",Andhra Pradesh,2.0,NTR(DISTRICT COLLECTOR NTR_IDA),18th Lok Sabha,Sivanath Kesineni,construction of cc road from kattineni jaggayya to nagaiah tiruvuru rural vavilala rajugudem,04-Sep-2026,200000.0,1.0,4.0,Pending for Sanction,LN/MP18016/2026-2027/33,200000.0,32.0,VIJAYAWADA,312407.0,,"Jun 4, 2024 12:00:00 AM","Jun 3, 2029 11:59:59 PM",,NA,
Repair and Renovation,"NA-Construction of roads, link roads, pathways or any other road with or without drainage system",Andhra Pradesh,2.0,NTR(DISTRICT COLLECTOR NTR_IDA),18th Lok Sabha,Sivanath Kesineni,construction of cc road from gandra rambabu to anil spatta tiruvuru rural vavilala rajugudem,04-Sep-2026,200000.0,1.0,4.0,Pending for Sanction,LN/MP18016/2026-2027/34,200000.0,33.0,VIJAYAWADA,312408.0,,"Jun 4, 2024 12:00:00 AM","Jun 3, 2029 11:59:59 PM",,NA,
Repair and Renovation,"NA-Construction of roads, link roads, pathways or any other road with or without drainage system",Andhra Pradesh,2.0,NTR(DISTRICT COLLECTOR NTR_IDA),18th Lok Sabha,Sivanath Kesineni,construction of cc road from r&b road to gandi chruvu and other internal roads in peddavaram village tiruvurumandal,04-Sep-2026,200000.0,1.0,4.0,Pending for Sanction,LN/MP18016/2026-2027/35,200000.0,34.0,VIJAYAWADA,312409.0,,"Jun 4, 2024 12:00:00 AM","Jun 3, 2029 11:59:59 PM",,NA,
Repair and Renovation,"NA-Construction of roads, link roads, pathways or any other road with or without drainage system",Andhra Pradesh,2.0,NTR(DISTRICT COLLECTOR NTR_IDA),18th Lok Sabha,Sivanath Kesineni,construction of cc road from r&b road to gogula krisgnaiah house in peddavaram village tiruvuru mandal,04-Sep-2026,200000.0,1.0,4.0,Pending for Sanction,LN/MP18016/2026-2027/36,200000.0,35.0,VIJAYAWADA,312410.0,,"Jun 4, 2024 12:00:00 AM","Jun 3, 2029 11:59:59 PM",,NA,
Repair and Renovation,"NA-Construction of roads, link roads, pathways or any other road with or without drainage system",Andhra Pradesh,2.0,NTR(DISTRICT COLLECTOR NTR_IDA),18th Lok Sabha,Sivanath Kesineni,construction of cc road from r&b road to tasuboyina suramma house and other internal roads in peddavaram village tiruvuru mandal,04-Sep-2026,200000.0,1.0,4.0,Pending for Sanction,LN/MP18016/2026-2027/37,200000.0,36.0,VIJAYAWADA,312411.0,,"Jun 4, 2024 12:00:00 AM","Jun 3, 2029 11:59:59 PM",,NA,
Repair and Renovation,"NA-Construction of roads, link roads, pathways or any other road with or without drainage system",Andhra Pradesh,2.0,NTR(DISTRICT COLLECTOR NTR_IDA),18th Lok Sabha,Sivanath Kesineni,construction of cc road from gunja pullaiah house to narayanapurapu lakshmaiah house in koduru village of a.konduru mandal,04-Sep-2026,1000000.0,1.0,4.0,Pending for Sanction,LN/MP18016/2026-2027/38,1000000.0,37.0,VIJAYAWADA,312412.0,,"Jun 4, 2024 12:00:00 AM","Jun 3, 2029 11:59:59 PM",,NA,
,,,,,,,,,,,,,,,,,,,,,,,60754032.0
